offer_id,application_id,offer_date,base_salary_eur,bonus_pct,offer_status,response_date,decline_reason,planned_start_date
OFF000001,APP000009,2024-08-23,60500,8,Accepted,2024-08-31,,2024-09-30
OFF000002,APP000012,2025-05-29,64000,5,Accepted,2025-06-01,,2025-07-08
OFF000003,APP000025,2024-07-24,68000,0,Accepted,2024-08-02,,2024-10-01
OFF000004,APP000068,2025-09-12,85000,10,Accepted,2025-09-20,,2025-11-03
OFF000005,APP000070,2024-09-21,103000,8,Accepted,2024-09-30,,2024-11-07
OFF000009,APP000177,2024-12-25,82500,8,Declined,2024-12-28,Compensation,
OFF000011,APP000191,2024-08-03,81000,12,Declined,2024-08-12,Location,
OFF000012,APP000213,2024-06-09,69000,10,Accepted,2024-06-12,,2024-07-12
OFF000014,APP000227,2024-10-08,69500,0,Declined,2024-10-12,Personal reasons,
OFF000015,APP000234,2025-10-16,85000,0,Accepted,2025-10-20,,2025-11-22
OFF000016,APP000243,2024-04-11,77500,8,Accepted,2024-04-20,,2024-06-17
OFF000017,APP000262,2025-04-25,114000,5,Declined,2025-04-26,Compensation,
OFF000018,APP000276,2024-11-10,92500,8,Accepted,2024-11-11,,2025-01-14
OFF000019,APP000277,2024-06-02,56000,5,Accepted,2024-06-10,,2024-07-21
OFF000020,APP000278,2024-09-03,76000,12,Accepted,2024-09-12,,2024-11-07
OFF000021,APP000289,2025-06-18,55000,8,Accepted,2025-06-20,,2025-07-24
OFF000023,APP000491,2024-12-22,74000,8,Accepted,2024-12-23,,2025-02-02
OFF000025,APP000548,2025-02-28,84000,12,Declined,2025-03-08,Accepted another offer,
OFF000026,APP000556,2025-04-22,106000,5,Accepted,2025-04-23,,2025-05-29
OFF000027,APP000569,2025-10-27,89000,10,Declined,2025-10-30,Compensation,
OFF000029,APP000639,2024-09-25,86000,8,Declined,2024-10-02,Location,
OFF000034,APP000782,2025-04-08,76000,12,Accepted,2025-04-13,,2025-05-29
OFF000035,APP000789,2025-07-17,99500,12,Accepted,2025-07-22,,2025-08-26
OFF000036,APP000831,2024-05-23,81500,5,Declined,2024-05-26,Location,
OFF000037,APP000867,2024-03-15,84000,8,Declined,2024-03-20,Compensation,
OFF000038,APP000873,2024-10-12,79500,12,Accepted,2024-10-14,,2024-12-02
OFF000039,APP000905,2024-09-08,103500,10,Accepted,2024-09-09,,2024-10-12
OFF000041,APP000918,2025-02-20,69500,10,Accepted,2025-02-28,,2025-02-03
OFF000043,APP000934,2025-01-27,69000,12,Accepted,2025-02-04,,2025-03-24
OFF000044,APP000954,2024-09-07,84500,10,Accepted,2024-09-08,,2024-10-19
OFF000045,APP000998,2025-10-08,66500,10,Accepted,2025-10-17,,2025-11-09
OFF000047,APP001003,2024-12-17,110000,10,Accepted,2024-12-25,,2024-12-06
OFF000048,APP001004,2024-12-19,88000,0,Accepted,2024-12-26,,2025-02-25
OFF000049,APP001019,2025-08-15,76500,10,Accepted,2025-08-24,,2025-09-29
OFF000050,APP001034,2024-11-12,112000,5,Accepted,2024-11-18,,2025-01-02
OFF000052,APP001062,2025-11-30,75000,10,Accepted,2025-12-02,,2026-01-13
OFF000054,APP001082,2024-03-08,60500,8,Accepted,2024-03-10,,2024-05-06
OFF000055,APP001086,2024-05-24,67000,8,Accepted,2024-06-01,,2024-07-15
OFF000056,APP001114,2024-05-22,78000,0,Accepted,2024-05-30,,2024-07-31
OFF000057,APP001189,2024-07-25,69000,12,Declined,2024-08-01,Compensation,
OFF000058,APP001197,2025-08-03,72000,0,Accepted,2025-08-04,,2025-09-16
OFF000059,APP001202,2024-11-25,85500,5,Accepted,2024-11-28,,2025-01-10
OFF000061,APP001250,2024-03-01,67500,0,Accepted,2024-03-05,,2024-04-23
OFF000062,APP001259,2024-10-15,82000,5,Accepted,2024-10-16,,2024-12-19
OFF000063,APP001269,2024-11-06,72000,8,Accepted,2024-11-08,,2024-12-04
OFF000065,APP001302,2025-05-12,74500,10,Accepted,2025-05-16,,2025-06-06
OFF000066,APP001372,2024-04-29,70000,0,Declined,2024-05-01,Compensation,
OFF000067,APP001411,2025-06-17,83500,5,Accepted,2025-06-21,,2025-08-05
OFF000068,APP001425,2025-10-16,76500,8,Declined,2025-10-17,Accepted another offer,
OFF000070,APP001455,2024-11-02,80000,12,Accepted,2024-11-10,,2024-12-26
OFF000071,APP001469,2025-05-03,74000,0,Accepted,2025-05-06,,2025-06-04
OFF000074,APP001536,2025-08-07,58000,12,Accepted,2025-08-15,,2025-10-09
OFF000075,APP001554,2025-05-04,92000,10,Accepted,2025-05-12,,2025-06-19
OFF000076,APP001566,2024-03-27,60000,5,Accepted,2024-04-01,,2024-05-24
OFF000078,APP001623,2024-08-11,80000,5,Declined,2024-08-16,Role scope,
OFF000080,APP001721,2024-04-17,75000,0,Accepted,2024-04-22,,2024-06-09
OFF000081,APP001723,2025-05-11,47000,8,Accepted,2025-05-02,,2025-06-27
OFF000083,APP001774,2025-11-26,75000,8,Accepted,2025-12-03,,2026-02-04
OFF000084,APP001780,2024-06-01,64500,12,Accepted,2024-06-05,,2024-07-16
OFF000092,APP001988,2024-11-30,69500,8,Accepted,2024-12-06,,2025-01-09
OFF000094,APP002014,2024-03-05,60000,5,Accepted,2024-03-07,,2024-04-03
OFF000095,APP002017,2024-04-16,77000,0,Accepted,2024-04-21,,2024-06-02
OFF000096,APP002032,2024-08-16,86000,8,Declined,2024-08-22,Accepted another offer,
OFF000097,APP002033,2025-02-09,88000,0,Accepted,2025-02-11,,2025-03-22
OFF000098,APP002076,2024-12-30,69000,10,Accepted,2025-01-05,,2025-02-28
OFF000101,APP002105,2025-10-03,83000,0,Declined,2025-10-08,Role scope,
OFF000103,APP002201,2025-04-14,96000,12,Accepted,2025-04-17,,2025-05-14
OFF000104,APP002220,2025-04-25,62500,10,Declined,2025-05-03,Accepted another offer,
OFF000105,APP002228,2024-07-25,57500,10,Accepted,2024-07-31,,2024-09-17
OFF000106,APP002261,2025-03-20,109000,8,Accepted,2025-03-22,,2025-05-25
OFF000107,APP002281,2025-06-11,67000,8,Accepted,2025-06-20,,2025-06-13
OFF000108,APP002325,2025-01-09,76500,5,Accepted,2025-01-11,,2025-02-19
OFF000109,APP002361,2025-02-04,91000,0,Accepted,2025-02-10,,2025-03-22
OFF000110,APP002382,2025-09-19,74000,8,Declined,2025-09-20,Compensation,
OFF000111,APP002388,2025-10-05,61500,8,Accepted,2025-10-11,,2025-11-17
OFF000112,APP002408,2025-08-22,97000,0,Accepted,2025-08-24,,2025-09-16
OFF000114,APP002469,2025-04-17,92000,5,Accepted,2025-04-22,,2025-06-07
OFF000116,APP002492,2025-10-31,57000,12,Declined,2025-11-02,Accepted another offer,
OFF000117,APP002496,2025-10-19,90000,12,Accepted,2025-10-27,,2025-11-26
OFF000119,APP002513,2025-12-09,75000,12,Accepted,2025-12-16,,2026-01-18
OFF000120,APP002534,2024-09-24,66000,10,Declined,2024-09-28,Compensation,
OFF000121,APP002549,2025-11-30,90000,12,Accepted,2025-12-09,,2026-01-20
OFF000122,APP002552,2024-07-02,68000,0,Accepted,2024-07-10,,2024-08-20
OFF000123,APP002557,2024-03-28,70000,8,Accepted,2024-03-29,,2024-05-30
OFF000124,APP002614,2024-07-31,88000,10,Accepted,2024-08-04,,2024-08-27
OFF000125,APP002644,2025-07-15,83000,10,Accepted,2025-07-21,,2025-09-02
OFF000126,APP002661,2024-03-21,59000,8,Accepted,2024-03-25,,2024-05-10
OFF000127,APP002665,2025-01-08,64500,10,Accepted,2025-01-09,,2025-02-12
OFF000128,APP002671,2025-04-24,113000,8,Accepted,2025-04-28,,2025-06-05
OFF000129,APP002681,2025-08-04,85500,10,Declined,2025-08-09,Accepted another offer,
OFF000131,APP002723,2025-09-13,89000,10,Accepted,2025-09-16,,2025-10-11
OFF000133,APP002738,2024-09-06,90000,0,Accepted,2024-09-15,,2024-10-07
OFF000134,APP002790,2025-11-04,93000,8,Accepted,2025-11-08,,2025-12-02
OFF000135,APP002797,2025-06-09,96000,8,Declined,2025-06-16,Accepted another offer,
OFF000136,APP002803,2024-06-12,86000,5,Declined,2024-06-14,Location,
OFF000138,APP002811,2025-06-05,81000,12,Accepted,2025-06-13,,2025-08-01
OFF000142,APP002848,2025-10-28,86000,10,Accepted,2025-10-31,,2025-12-04
OFF000143,APP002851,2025-06-28,96000,8,Declined,2025-07-03,Accepted another offer,
OFF000144,APP002858,2024-12-22,74500,12,Declined,2024-12-23,Compensation,
OFF000145,APP002870,2025-05-13,91000,0,Accepted,2025-05-06,,2025-07-19
OFF000146,APP002877,2024-09-15,64500,12,Accepted,2024-09-17,,2024-11-19
OFF000148,APP002934,2024-08-01,97000,5,Accepted,2024-08-08,,2024-09-04
OFF000149,APP002939,2024-08-12,81000,5,Accepted,2024-08-21,,2024-10-24
OFF000151,APP002977,2024-03-06,71000,12,Accepted,2024-03-01,,2024-04-14
OFF000152,APP003043,2025-05-18,104500,5,Accepted,2025-05-22,,2025-07-21
OFF000154,APP003074,2024-05-29,61500,0,Accepted,2024-06-05,,2024-07-18
OFF000156,APP003230,2025-03-14,83000,10,Accepted,2025-03-20,,2025-04-21
OFF000157,APP003237,2024-10-22,94000,12,Accepted,2024-10-29,,2024-11-26
OFF000158,APP003242,2024-02-12,62500,5,Declined,2024-02-18,Location,
OFF000160,APP003257,2024-08-19,82500,12,Declined,2024-08-20,Compensation,
OFF000161,APP003265,2025-03-02,90000,8,Accepted,2025-03-08,,2025-04-26
OFF000164,APP003278,2025-02-11,88000,10,Accepted,2025-02-13,,2025-03-18
OFF000165,APP003308,2025-04-14,90500,5,Accepted,2025-04-15,,2025-05-16
OFF000167,APP003344,2025-06-12,88500,8,Declined,2025-06-15,Accepted another offer,
OFF000168,APP003359,2024-12-08,92000,8,Accepted,2024-12-15,,2025-01-19
OFF000169,APP003366,2024-12-30,58000,10,Accepted,2024-12-31,,2025-03-04
OFF000170,APP003393,2025-05-19,92000,8,Accepted,2025-05-21,,2025-07-13
OFF000171,APP003404,2024-12-01,123500,5,Accepted,2024-12-03,,2025-02-01
OFF000174,APP003456,2025-08-06,77000,8,Declined,2025-08-11,Compensation,
OFF000175,APP003457,2025-08-02,103000,0,Accepted,2025-08-11,,2025-09-13
OFF000176,APP003471,2025-11-27,87000,0,Accepted,2025-12-03,,2026-01-04
OFF000177,APP003536,2025-11-08,107000,12,Accepted,2025-11-17,,2026-01-10
OFF000179,APP003614,2025-05-09,69500,0,Accepted,2025-05-15,,2025-05-07
OFF000181,APP003676,2024-10-22,87500,12,Accepted,2024-10-26,,2024-11-16
OFF000182,APP003678,2024-09-27,79500,0,Accepted,2024-10-02,,2024-11-29
OFF000183,APP003704,2025-12-09,102000,10,Accepted,2025-12-11,,2026-01-23
OFF000184,APP003718,2025-04-28,81000,10,Accepted,2025-04-30,,2025-05-26
OFF000185,APP003720,2024-02-03,68500,8,Accepted,2024-02-06,,2024-03-20
OFF000186,APP003746,2024-09-02,83000,5,Accepted,2024-09-08,,2024-08-12
OFF000187,APP003749,2024-10-24,76500,5,Accepted,2024-10-30,,2024-12-05
OFF000188,APP003769,2024-06-21,82500,5,Accepted,2024-06-15,,2024-08-02
OFF000190,APP003794,2024-04-21,88000,0,Accepted,2024-04-23,,2024-05-26
OFF000191,APP003831,2025-06-12,88000,10,Accepted,2025-06-20,,2025-07-17
OFF000192,APP003847,2025-01-18,87500,12,Declined,2025-01-23,Compensation,
OFF000193,APP003915,2024-06-22,59000,0,Accepted,2024-07-01,,2024-08-28
OFF000196,APP003989,2024-06-09,84500,8,Accepted,2024-05-29,,2024-07-30
OFF000198,APP004037,2024-04-20,69000,10,Declined,2024-04-26,Compensation,
OFF000199,APP004056,2025-08-27,85500,8,Accepted,2025-08-28,,2025-09-30
OFF000200,APP004067,2025-10-18,88500,12,Declined,2025-10-27,Accepted another offer,
OFF000202,APP004107,2025-08-25,80000,8,Accepted,2025-08-28,,2025-09-22
OFF000203,APP004108,2025-11-26,54500,12,Accepted,2025-12-03,,2026-01-24
OFF000206,APP004303,2024-05-02,117000,12,Declined,2024-05-10,Personal reasons,
OFF000207,APP004310,2025-12-18,107000,10,Accepted,2025-12-21,,2026-02-19
OFF000211,APP004352,2024-06-28,99000,12,Accepted,2024-07-01,,2024-07-23
OFF000214,APP004444,2025-04-07,67000,10,Accepted,2025-04-16,,2025-05-27
OFF000216,APP004504,2024-03-24,73500,12,Accepted,2024-03-29,,2024-04-19
OFF000218,APP004522,2024-12-26,78000,5,Accepted,2025-01-01,,2025-02-06
OFF000219,APP004567,2024-10-18,84000,5,Accepted,2024-10-22,,2024-11-17
OFF000220,APP004585,2025-12-20,63000,12,Accepted,2025-12-24,,2026-02-25
OFF000222,APP004638,2024-04-07,106000,12,Accepted,2024-04-09,,2024-06-11
OFF000223,APP004666,2024-12-02,89000,10,Accepted,2024-12-06,,2025-01-30
OFF000224,APP004667,2025-02-16,88500,0,Accepted,2025-02-22,,2025-04-28
OFF000225,APP004682,2024-03-13,61000,12,Accepted,2024-03-15,,2024-04-06
OFF000227,APP004720,2025-08-16,73000,12,Accepted,2025-08-18,,2025-10-04
OFF000228,APP004736,2025-10-03,58500,12,Accepted,2025-09-28,,2025-11-01
OFF000229,APP004746,2024-02-19,71000,0,Accepted,2024-02-22,,2024-03-26
OFF000230,APP004773,2024-10-19,74000,0,Accepted,2024-10-10,,2024-12-15
OFF000231,APP004798,2024-01-31,76000,0,Accepted,2024-02-02,,2024-03-22
OFF000233,APP004812,2024-09-20,85000,10,Accepted,2024-09-21,,2024-11-21
OFF000234,APP004844,2025-09-19,83000,5,Declined,2025-09-24,Location,
OFF000235,APP004874,2025-02-17,89500,8,Accepted,2025-02-20,,2025-04-22
OFF000237,APP005007,2025-09-10,63500,0,Accepted,2025-09-19,,2025-10-30
OFF000239,APP005068,2025-04-17,82000,10,Accepted,2025-04-23,,2025-06-25
OFF000240,APP005113,2025-08-28,91000,10,Accepted,2025-09-04,,2025-09-30
OFF000241,APP005130,2025-08-29,85000,8,Accepted,2025-08-31,,2025-10-25
OFF000242,APP005134,2025-09-06,52000,5,Declined,2025-09-08,Accepted another offer,
OFF000243,APP005144,2025-01-25,53000,8,Accepted,2025-02-01,,2025-03-15
OFF000245,APP005148,2024-09-10,56000,10,Accepted,2024-09-17,,2024-11-21
OFF000246,APP005151,2024-10-29,66500,5,Accepted,2024-11-04,,2024-11-27
OFF000248,APP005211,2024-10-06,87000,0,Declined,2024-10-13,Compensation,
OFF000250,APP005323,2025-09-16,57000,8,Accepted,2025-09-23,,2025-11-14
OFF000251,APP005360,2025-03-07,84000,0,Accepted,2025-03-08,,2025-04-28
OFF000252,APP005367,2024-03-09,62000,5,Accepted,2024-03-15,,2024-04-05
OFF000253,APP005384,2025-05-10,58500,5,Declined,2025-05-13,Location,
OFF000255,APP005407,2025-12-26,114000,0,Accepted,2025-12-31,,2026-01-23
OFF000256,APP005408,2024-10-19,74500,0,Accepted,2024-10-20,,2024-12-10
OFF000261,APP005526,2024-08-01,78000,8,Accepted,2024-08-03,,2024-09-04
OFF000262,APP005538,2024-05-18,83500,10,Accepted,2024-05-20,,2024-06-27
OFF000265,APP005578,2024-11-01,62500,8,Accepted,2024-11-10,,2024-12-16
OFF000268,APP005603,2025-04-22,81500,0,Accepted,2025-04-29,,2025-05-28
OFF000269,APP005613,2025-09-28,97500,5,Accepted,2025-09-29,,2025-11-10
OFF000271,APP005645,2025-09-06,50000,0,Accepted,2025-09-15,,2025-10-06
OFF000272,APP005691,2025-08-11,115000,5,Declined,2025-08-12,Role scope,
OFF000273,APP005700,2024-03-03,105000,5,Accepted,2024-03-05,,2024-04-11
OFF000274,APP005716,2025-05-14,81500,8,Accepted,2025-05-15,,2025-06-10
OFF000276,APP005749,2025-10-19,89500,10,Accepted,2025-10-22,,2025-10-08
OFF000278,APP005767,2025-06-30,65000,10,Accepted,2025-07-09,,2025-09-02
OFF000282,APP005913,2025-04-30,94000,5,Accepted,2025-05-05,,2025-07-09
OFF000284,APP005945,2024-05-17,91000,12,Accepted,2024-05-18,,2024-07-02
OFF000285,APP005955,2024-04-15,72000,10,Accepted,2024-04-22,,2024-06-02
OFF000289,APP006040,2025-08-02,91000,10,Accepted,2025-08-10,,2025-09-30
OFF000290,APP006050,2024-03-23,66000,12,Accepted,2024-03-28,,2024-05-08
OFF000291,APP006058,2024-07-13,82500,10,Accepted,2024-07-14,,2024-08-25
OFF000292,APP006077,2025-11-27,102000,5,Accepted,2025-11-28,,2026-01-24
OFF000293,APP006079,2024-08-04,51000,8,Accepted,2024-08-05,,2024-10-03
OFF000294,APP006087,2025-06-13,110000,0,Accepted,2025-06-17,,2025-07-30
OFF000297,APP006120,2025-06-26,72500,12,Accepted,2025-07-01,,2025-08-04
OFF000298,APP006145,2025-07-29,65000,12,Accepted,2025-08-05,,2025-09-05
OFF000299,APP006183,2024-11-02,69000,0,Declined,2024-11-04,Accepted another offer,
OFF000300,APP006270,2025-03-15,101000,12,Accepted,2025-03-11,,2025-04-15
OFF000301,APP006287,2024-09-13,84000,8,Accepted,2024-09-21,,2024-11-06
OFF000302,APP006293,2025-06-30,75000,5,Accepted,2025-07-07,,2025-08-24
OFF000303,APP006365,2025-02-26,67500,12,Accepted,2025-03-02,,2025-05-01
OFF000304,APP006391,2024-09-02,64000,5,Declined,2024-09-09,Role scope,
OFF000306,APP006425,2025-03-02,69000,12,Accepted,2025-03-08,,2025-05-01
OFF000309,APP006461,2025-12-03,74000,5,Accepted,2025-12-05,,2026-01-24
OFF000310,APP006485,2024-12-08,59500,0,Accepted,2024-12-14,,2025-02-03
OFF000311,APP006533,2025-08-03,70000,0,Accepted,2025-08-12,,2025-09-24
OFF000313,APP006564,2025-02-20,69500,0,Accepted,2025-02-26,,2025-04-05
OFF000314,APP006590,2025-12-08,63500,12,Accepted,2025-12-13,,2026-02-10
OFF000315,APP006677,2024-05-10,81000,0,Accepted,2024-05-18,,2024-04-22
OFF000316,APP006690,2024-10-26,77000,10,Declined,2024-11-04,Compensation,
OFF000317,APP006699,2025-10-07,85000,5,Accepted,2025-09-30,,2025-12-12
OFF000319,APP006769,2025-01-28,65000,8,Accepted,2025-02-02,,2025-03-19
OFF000320,APP006793,2024-04-13,73500,10,Accepted,2024-04-16,,2024-03-24
OFF000321,APP006815,2024-12-16,84000,5,Declined,2024-12-17,Compensation,
OFF000323,APP006840,2025-10-23,86000,8,Accepted,2025-10-24,,2025-12-07
OFF000325,APP006857,2025-10-17,46000,10,Accepted,2025-10-26,,2025-12-28
OFF000326,APP006869,2024-05-19,71000,0,Accepted,2024-05-20,,2024-06-18
OFF000327,APP006899,2025-10-05,70500,0,Accepted,2025-10-14,,2025-11-17
OFF000328,APP006960,2024-08-08,60000,0,Declined,2024-08-17,Accepted another offer,
OFF000330,APP006963,2025-08-27,75000,8,Accepted,2025-09-03,,2025-10-06
OFF000331,APP006965,2025-02-18,86500,10,Accepted,2025-02-21,,2025-04-06
OFF000332,APP007039,2024-04-20,89000,8,Accepted,2024-04-28,,2024-06-25
OFF000334,APP007057,2025-10-04,80500,0,Accepted,2025-10-09,,2025-12-03
OFF000335,APP007065,2025-09-21,90000,8,Accepted,2025-09-27,,2025-11-10
OFF000336,APP007101,2025-05-14,86500,5,Accepted,2025-05-16,,2025-06-26
OFF000337,APP007104,2025-05-08,49000,5,Accepted,2025-05-12,,2025-07-11
OFF000339,APP007137,2024-09-15,69500,8,Accepted,2024-09-19,,2024-10-24
OFF000340,APP007145,2025-09-01,56000,10,Accepted,2025-09-10,,2025-11-07
OFF000341,APP007162,2025-02-14,59500,0,Declined,2025-02-11,Location,
OFF000342,APP007170,2025-04-13,86000,10,Accepted,2025-04-15,,2025-04-11
OFF000343,APP007186,2025-07-02,95500,5,Accepted,2025-07-11,,2025-08-07
OFF000345,APP007245,2024-09-11,60000,10,Declined,2024-09-16,Compensation,
OFF000346,APP007371,2024-05-29,96500,8,Declined,2024-05-31,Compensation,
OFF000347,APP007379,2025-10-27,77500,10,Accepted,2025-10-31,,2025-12-06
OFF000349,APP007383,2024-03-20,71500,0,Accepted,2024-03-25,,2024-04-27
OFF000350,APP007424,2024-11-23,63000,5,Declined,2024-11-27,Role scope,
OFF000351,APP007462,2025-04-24,61000,10,Accepted,2025-05-02,,2025-06-12
OFF000352,APP007475,2025-12-02,67000,10,Accepted,2025-12-05,,2026-01-02
OFF000353,APP007484,2024-03-23,68000,8,Accepted,2024-03-27,,2024-05-29
OFF000355,APP007564,2025-10-04,102000,8,Declined,2025-10-07,Role scope,
OFF000356,APP007604,2025-06-21,63000,5,Accepted,2025-06-24,,2025-07-23
OFF000358,APP007622,2024-06-22,68500,10,Accepted,2024-06-30,,2024-08-02
OFF000359,APP007645,2025-09-11,77500,5,Accepted,2025-09-14,,2025-11-11
OFF000360,APP007668,2025-11-23,109000,0,Accepted,2025-12-01,,2026-01-25
OFF000362,APP007715,2024-04-08,53500,12,Declined,2024-03-28,Personal reasons,
OFF000363,APP007721,2025-07-12,65500,0,Accepted,2025-07-18,,2025-08-16
OFF000364,APP007725,2025-09-15,73000,5,Accepted,2025-09-20,,2025-11-14
OFF000366,APP007749,2025-02-09,58000,0,Accepted,2025-02-11,,2025-04-01
OFF000369,APP007794,2025-08-04,94500,5,Declined,2025-08-10,Compensation,
OFF000370,APP007839,2025-11-02,93500,5,Accepted,2025-11-09,,2025-12-01
OFF000371,APP007840,2025-03-09,78000,10,Declined,2025-03-15,Location,
OFF000373,APP007849,2025-12-29,68500,5,Accepted,2025-12-30,,2026-01-31
OFF000374,APP007853,2025-04-10,81000,10,Declined,2025-04-19,Compensation,
OFF000375,APP007865,2025-07-06,65000,12,Declined,2025-07-15,Role scope,
OFF000377,APP007933,2025-04-01,106000,8,Accepted,2025-04-07,,2025-05-06
OFF000378,APP007957,2024-10-17,110500,12,Declined,2024-10-20,Compensation,
OFF000379,APP007975,2025-10-28,102000,0,Accepted,2025-11-03,,2025-12-09
OFF000382,APP008025,2024-08-18,68000,5,Accepted,2024-08-25,,2024-09-17
OFF000383,APP008027,2025-04-27,70500,5,Accepted,2025-05-06,,2025-06-07
OFF000384,APP008031,2024-07-30,76000,8,Declined,2024-08-04,Compensation,
OFF000385,APP008050,2025-03-01,56000,5,Accepted,2025-03-06,,2025-04-27
OFF000386,APP008051,2024-12-07,77000,0,Accepted,2024-12-13,,2025-01-08
OFF000389,APP008093,2024-03-03,68000,0,Accepted,2024-03-06,,2024-05-04
OFF000390,APP008095,2025-09-20,74000,8,Accepted,2025-09-26,,2025-11-14
OFF000392,APP008119,2024-06-22,72500,5,Accepted,2024-06-30,,2024-08-04
OFF000393,APP008127,2025-10-16,74000,0,Accepted,2025-10-23,,2025-11-24
OFF000394,APP008133,2025-05-31,65000,8,Accepted,2025-06-01,,2025-07-24
OFF000398,APP008234,2024-05-04,60500,12,Accepted,2024-05-05,,2024-06-24
OFF000399,APP008279,2024-09-23,66000,0,Accepted,2024-09-28,,2024-10-28
OFF000400,APP008292,2025-04-28,57000,0,Accepted,2025-05-07,,2025-07-08
OFF000401,APP008309,2025-05-15,85000,10,Accepted,2025-05-20,,2025-07-07
OFF000403,APP008341,2025-05-08,79000,10,Accepted,2025-05-14,,2025-06-29
OFF000404,APP008372,2025-04-14,83000,0,Accepted,2025-04-22,,2025-05-29
OFF000405,APP008416,2024-07-21,89000,8,Accepted,2024-07-30,,2024-10-02
OFF000406,APP008433,2026-01-04,72000,8,Accepted,2026-01-11,,2026-02-26
OFF000407,APP008448,2024-05-27,114000,5,Declined,2024-06-05,Compensation,
OFF000408,APP008449,2024-06-30,84500,8,Accepted,2024-07-01,,2024-07-29
OFF000412,APP008529,2024-12-08,79500,5,Accepted,2024-12-14,,2025-01-30
OFF000413,APP008549,2024-10-19,71500,5,Declined,2024-10-26,Accepted another offer,
OFF000414,APP008589,2025-11-17,78000,12,Accepted,2025-11-09,,2026-01-11
OFF000415,APP008629,2025-10-13,84000,0,Accepted,2025-10-17,,2025-12-02
OFF000416,APP008636,2024-12-26,86000,8,Accepted,2024-12-31,,2025-03-04
OFF000417,APP008639,2024-09-24,80000,12,Accepted,2024-09-28,,2024-11-16
OFF000418,APP008667,2024-11-25,70000,8,Accepted,2024-12-01,,2025-01-11
OFF000419,APP008672,2025-05-05,81500,10,Accepted,2025-05-07,,2025-06-17
OFF000420,APP008675,2024-08-19,78500,5,Declined,2024-08-21,Compensation,
OFF000421,APP008677,2024-11-11,57500,10,Accepted,2024-11-14,,2025-01-15
OFF000422,APP008696,2025-03-02,107000,8,Accepted,2025-03-08,,2025-03-30
OFF000423,APP008719,2024-07-06,99000,0,Accepted,2024-07-12,,2024-08-06
OFF000426,APP008756,2025-07-27,70000,0,Accepted,2025-07-28,,2025-09-19
OFF000427,APP008855,2024-04-30,109000,0,Declined,2024-05-07,Role scope,
OFF000428,APP008857,2025-09-21,86000,8,Declined,2025-09-28,Role scope,
OFF000429,APP008891,2025-07-18,100000,10,Accepted,2025-07-20,,2025-09-18
OFF000430,APP008895,2024-11-13,83500,8,Accepted,2024-11-21,,2025-01-10
OFF000431,APP008901,2025-11-11,71000,10,Accepted,2025-11-18,,2025-12-22
OFF000433,APP008968,2025-06-03,75500,10,Accepted,2025-06-08,,2025-07-20
OFF000434,APP008976,2025-03-15,88000,12,Accepted,2025-03-17,,2025-04-22
OFF000435,APP009011,2025-12-03,82500,12,Accepted,2025-12-07,,2026-01-24
OFF000436,APP009063,2025-10-28,80500,0,Accepted,2025-11-01,,2025-12-13
OFF000438,APP009088,2024-10-01,85500,8,Accepted,2024-10-06,,2024-10-31
OFF000440,APP009179,2025-02-17,88000,12,Accepted,2025-02-25,,2025-04-02
OFF000441,APP009238,2024-09-11,91000,5,Accepted,2024-09-19,,2024-10-16
OFF000442,APP009248,2024-11-04,77000,12,Accepted,2024-11-07,,2024-12-12
OFF000444,APP009292,2025-08-19,77000,5,Declined,2025-08-26,Compensation,
OFF000445,APP009311,2025-03-30,85000,0,Accepted,2025-04-06,,2025-06-01
OFF000447,APP009347,2024-05-12,89000,8,Declined,2024-05-15,Accepted another offer,
OFF000448,APP009353,2024-10-18,64000,5,Accepted,2024-10-25,,2024-12-04
OFF000450,APP009462,2025-03-09,109000,10,Accepted,2025-03-11,,2025-04-21
OFF000453,APP009522,2025-09-14,68000,8,Accepted,2025-09-15,,2025-10-14
OFF000455,APP009585,2024-12-15,87000,8,Accepted,2024-12-17,,2025-02-09
OFF000456,APP009613,2025-02-08,66500,12,Accepted,2025-02-10,,2025-04-12
OFF000457,APP009636,2024-02-28,65000,0,Accepted,2024-03-03,,2024-04-15
OFF000458,APP009649,2025-08-01,81000,5,Accepted,2025-08-06,,2025-08-30
OFF000459,APP009675,2025-07-02,86000,0,Accepted,2025-07-10,,2025-08-09
OFF000460,APP009682,2024-09-12,95500,10,Declined,2024-09-13,Location,
OFF000461,APP009687,2025-02-11,105000,10,Declined,2025-02-16,Location,
OFF000462,APP009693,2025-05-06,69500,5,Accepted,2025-05-10,,2025-06-09
OFF000463,APP009699,2025-07-28,94000,12,Declined,2025-08-06,Compensation,
OFF000464,APP009701,2025-08-04,55000,8,Accepted,2025-08-12,,2025-09-15
OFF000466,APP009724,2025-03-13,83000,5,Accepted,2025-03-18,,2025-05-09
OFF000467,APP009729,2024-10-22,65000,10,Accepted,2024-10-30,,2024-12-11
OFF000468,APP009739,2025-12-29,87000,10,Accepted,2026-01-03,,2026-02-19
OFF000470,APP009779,2025-03-11,64500,5,Accepted,2025-02-28,,2025-04-11
OFF000471,APP009783,2024-11-28,78000,10,Declined,2024-11-30,Role scope,
OFF000472,APP009851,2025-09-28,85000,5,Accepted,2025-09-29,,2025-11-25
OFF000473,APP009887,2024-08-01,103000,0,Accepted,2024-08-07,,2024-09-24
OFF000475,APP009934,2025-11-27,63000,8,Accepted,2025-11-29,,2026-01-19
OFF000476,APP009941,2025-02-26,89000,12,Accepted,2025-02-27,,2025-03-21
OFF000477,APP009952,2025-04-01,100000,8,Accepted,2025-04-05,,2025-05-19
OFF000478,APP009961,2024-08-01,51500,8,Accepted,2024-08-09,,2024-07-23
OFF000479,APP009974,2025-03-04,69000,10,Accepted,2025-03-06,,2025-04-10
OFF000480,APP009983,2025-11-23,85000,0,Accepted,2025-11-24,,2025-12-25
OFF000482,APP010000,2024-06-11,62500,5,Accepted,2024-06-20,,2024-08-14
OFF000483,APP010033,2024-06-30,61000,8,Accepted,2024-07-08,,2024-09-08
OFF000484,APP010071,2025-04-08,90000,10,Accepted,2025-04-11,,2025-06-12
OFF000485,APP010107,2025-04-26,90000,0,Accepted,2025-04-30,,2025-06-04
OFF000487,APP010176,2025-05-01,70500,8,Accepted,2025-05-10,,2025-06-30
OFF000488,APP010194,2024-10-23,77000,12,Accepted,2024-10-25,,2024-12-23
OFF000489,APP010198,2025-11-21,78500,5,Declined,2025-11-27,Compensation,
OFF000490,APP010208,2024-07-30,67000,10,Accepted,2024-07-24,,2024-09-12
OFF000491,APP010235,2025-09-24,68000,12,Accepted,2025-10-03,,2025-10-26
OFF000492,APP010243,2025-10-27,70500,12,Accepted,2025-11-04,,2026-01-02
OFF000493,APP010263,2025-03-22,54000,0,Accepted,2025-03-28,,2025-04-22
OFF000495,APP010352,2024-02-11,45000,5,Accepted,2024-02-14,,2024-03-13
OFF000497,APP010374,2025-06-20,89500,0,Accepted,2025-06-24,,2025-07-26
OFF000498,APP010413,2025-05-27,80500,10,Accepted,2025-06-05,,2025-07-22
OFF000500,APP010486,2025-12-03,65500,8,Accepted,2025-12-10,,2026-02-13
OFF000501,APP010496,2024-12-28,92000,5,Accepted,2025-01-06,,2025-02-21
OFF000502,APP010579,2025-05-30,55000,0,Accepted,2025-06-07,,2025-08-03
OFF000503,APP010638,2025-06-05,91000,10,Accepted,2025-06-11,,2025-07-29
OFF000506,APP010681,2025-06-30,73500,12,Declined,2025-07-06,Compensation,
OFF000508,APP010721,2025-10-26,76000,10,Accepted,2025-10-31,,2025-12-26
OFF000509,APP010731,2025-07-23,83000,0,Accepted,2025-07-29,,2025-09-22
OFF000511,APP010762,2024-11-03,48000,10,Declined,2024-11-04,Location,
OFF000514,APP010787,2025-12-09,87500,10,Accepted,2025-12-11,,2026-02-12
OFF000515,APP010821,2024-09-30,73500,0,Accepted,2024-10-01,,2024-11-09
OFF000516,APP010850,2025-03-20,70500,12,Accepted,2025-03-23,,2025-05-23
OFF000517,APP010889,2025-07-15,64500,12,Accepted,2025-07-17,,2025-09-18
OFF000520,APP010939,2024-12-11,52000,12,Declined,2024-12-16,Role scope,
OFF000521,APP010941,2025-05-07,67000,0,Accepted,2025-05-08,,2025-06-13
OFF000523,APP011023,2025-09-15,58500,10,Declined,2025-09-20,Accepted another offer,
OFF000525,APP011036,2025-06-08,66000,0,Accepted,2025-06-11,,2025-08-12
OFF000526,APP011037,2024-08-12,66500,8,Accepted,2024-08-15,,2024-10-06
OFF000527,APP011048,2025-07-15,82000,5,Accepted,2025-07-19,,2025-08-29
OFF000529,APP011096,2024-04-15,78500,0,Accepted,2024-04-24,,2024-06-09
OFF000530,APP011120,2025-04-29,96000,8,Accepted,2025-04-30,,2025-05-22
OFF000532,APP011140,2025-05-08,82000,12,Accepted,2025-05-12,,2025-07-14
OFF000533,APP011151,2025-10-12,91000,0,Accepted,2025-10-01,,2025-11-05
OFF000534,APP011196,2025-03-01,78000,0,Accepted,2025-03-06,,2025-05-06
OFF000535,APP011243,2025-04-27,54500,0,Accepted,2025-04-22,,2025-06-01
OFF000536,APP011253,2025-07-22,89500,5,Declined,2025-07-26,Compensation,
OFF000537,APP011255,2025-07-01,68000,12,Accepted,2025-07-04,,2025-07-31
OFF000538,APP011261,2024-08-04,98500,0,Declined,2024-08-13,Location,
OFF000541,APP011302,2025-06-24,61000,5,Accepted,2025-06-25,,2025-06-05
OFF000542,APP011303,2024-09-12,81000,5,Accepted,2024-09-21,,2024-10-18
OFF000543,APP011338,2024-10-14,82000,8,Accepted,2024-10-20,,2024-12-12
OFF000545,APP011398,2024-09-24,78000,5,Accepted,2024-09-13,,2024-11-18
OFF000546,APP011429,2025-08-09,89000,10,Accepted,2025-08-15,,2025-09-25
OFF000547,APP011436,2025-11-19,64000,12,Accepted,2025-11-22,,2026-01-06
OFF000549,APP011470,2024-12-06,88500,5,Accepted,2024-12-15,,2025-01-14
OFF000550,APP011484,2024-04-15,102000,10,Accepted,2024-04-17,,2024-06-16
OFF000552,APP011501,2024-11-12,55000,5,Accepted,2024-11-17,,2024-12-09
OFF000553,APP011575,2025-04-30,76500,5,Declined,2025-05-09,Accepted another offer,
OFF000554,APP011704,2025-06-02,74500,12,Accepted,2025-06-04,,2025-07-21
OFF000557,APP011768,2024-10-14,61000,5,Declined,2024-10-23,Accepted another offer,
OFF000558,APP011769,2024-05-19,65000,10,Accepted,2024-05-23,,2024-06-13
OFF000559,APP011836,2025-03-23,83000,0,Declined,2025-03-24,Location,
OFF000561,APP011858,2025-09-20,79000,8,Accepted,2025-09-22,,2025-11-13
OFF000562,APP011868,2024-11-28,72000,5,Accepted,2024-11-30,,2025-01-29
OFF000563,APP011884,2024-04-20,88000,12,Accepted,2024-04-23,,2024-05-27
OFF000564,APP011908,2025-12-21,67500,10,Accepted,2025-12-22,,2026-01-26
OFF000565,APP011925,2025-11-10,71000,10,Accepted,2025-11-15,,2026-01-15
OFF000566,APP011988,2024-10-15,83000,8,Accepted,2024-10-24,,2024-12-20
OFF000567,APP011991,2025-02-28,75000,12,Declined,2025-03-05,Location,
OFF000568,APP011994,2025-04-12,68000,5,Accepted,2025-04-06,,2025-06-11
OFF000569,APP012009,2025-07-09,75000,10,Accepted,2025-07-13,,2025-08-24
OFF000570,APP012020,2025-07-22,70000,0,Accepted,2025-07-27,,2025-09-06
OFF000571,APP012022,2025-05-13,77000,0,Accepted,2025-05-22,,2025-06-25
OFF000572,APP012059,2025-10-30,95500,0,Accepted,2025-11-01,,2025-12-29
OFF000573,APP012075,2025-08-01,80000,8,Accepted,2025-08-09,,2025-09-26
OFF000574,APP012078,2025-04-02,80500,5,Accepted,2025-04-08,,2025-05-01
OFF000575,APP012083,2025-09-18,82000,8,Declined,2025-09-27,Compensation,
OFF000577,APP012130,2025-07-19,103000,12,Accepted,2025-07-27,,2025-09-12
OFF000578,APP012152,2025-03-05,81000,8,Accepted,2025-03-13,,2025-04-23
OFF000579,APP012178,2024-11-05,61000,10,Declined,2024-11-08,Location,
OFF000580,APP012206,2024-07-17,87500,5,Accepted,2024-07-24,,2024-09-15
OFF000583,APP012274,2024-08-11,88000,0,Declined,2024-08-18,Location,
OFF000584,APP012367,2025-08-01,63500,12,Accepted,2025-08-07,,2025-09-17
OFF000586,APP012397,2024-05-23,100000,10,Accepted,2024-05-31,,2024-06-23
OFF000590,APP012456,2025-10-29,64000,0,Accepted,2025-11-04,,2025-12-03
OFF000592,APP012467,2024-10-27,65000,5,Accepted,2024-10-30,,2024-12-14
OFF000593,APP012468,2025-05-12,69500,8,Accepted,2025-05-19,,2025-06-29
OFF000594,APP012477,2025-04-28,83000,0,Accepted,2025-05-04,,2025-07-04
OFF000595,APP012492,2024-02-07,78000,12,Accepted,2024-02-15,,2024-03-13
OFF000596,APP012527,2024-07-07,75000,8,Accepted,2024-07-08,,2024-06-27
OFF000597,APP012550,2024-09-15,71000,5,Accepted,2024-09-23,,2024-10-26
OFF000598,APP012558,2025-10-19,103000,8,Accepted,2025-10-28,,2025-12-28
OFF000600,APP012636,2024-08-10,63000,12,Accepted,2024-08-16,,2024-09-13
OFF000601,APP012640,2025-09-02,84000,10,Accepted,2025-09-04,,2025-10-22
OFF000602,APP012658,2025-08-20,115000,10,Accepted,2025-08-26,,2025-10-25
OFF000603,APP012659,2024-07-14,66500,0,Accepted,2024-07-21,,2024-08-27
OFF000604,APP012660,2025-12-03,93000,0,Accepted,2025-12-08,,2026-01-10
OFF000606,APP012674,2024-12-03,83000,8,Accepted,2024-12-09,,2025-02-11
OFF000607,APP012688,2025-11-06,78500,12,Accepted,2025-11-10,,2026-01-01
OFF000609,APP012750,2025-07-12,79500,0,Declined,2025-07-13,Role scope,
OFF000610,APP012771,2024-07-29,90000,12,Accepted,2024-08-03,,2024-09-15
OFF000611,APP012803,2025-10-03,70500,12,Declined,2025-10-07,Accepted another offer,
OFF000612,APP012812,2025-05-15,74000,10,Accepted,2025-05-20,,2025-06-29
OFF000613,APP012817,2025-07-19,91000,12,Declined,2025-07-27,Compensation,
OFF000615,APP012835,2025-07-05,68500,12,Accepted,2025-07-02,,2025-09-07
OFF000618,APP012889,2025-11-12,80000,10,Accepted,2025-11-21,,2025-12-18
OFF000619,APP012898,2024-05-02,76000,0,Accepted,2024-05-10,,2024-06-17
OFF000620,APP012944,2024-10-17,65000,0,Accepted,2024-10-21,,2024-12-25
OFF000622,APP012976,2025-02-14,86000,5,Accepted,2025-02-15,,2025-03-20
OFF000623,APP012991,2024-11-19,77000,10,Accepted,2024-11-28,,2025-01-30
OFF000625,APP013040,2024-04-16,62000,0,Accepted,2024-04-18,,2024-05-19
OFF000626,APP013086,2025-01-06,76000,8,Accepted,2025-01-07,,2025-02-01
OFF000628,APP013165,2024-09-04,68000,8,Accepted,2024-09-10,,2024-08-26
OFF000633,APP013266,2024-10-20,73500,10,Declined,2024-10-22,Accepted another offer,
OFF000635,APP013354,2024-07-29,72000,5,Accepted,2024-08-04,,2024-09-16
OFF000636,APP013381,2025-02-18,70000,12,Accepted,2025-02-24,,2025-04-06
OFF000638,APP013384,2024-04-15,75000,10,Accepted,2024-04-24,,2024-05-17
OFF000640,APP013452,2025-08-18,90000,8,Accepted,2025-08-25,,2025-09-26
OFF000642,APP013517,2024-03-08,74500,0,Accepted,2024-03-10,,2024-04-22
OFF000644,APP013600,2024-06-26,86000,12,Declined,2024-07-04,Accepted another offer,
OFF000646,APP013630,2025-04-02,80000,8,Accepted,2025-04-06,,2025-06-06
OFF000648,APP013668,2025-01-07,79000,10,Accepted,2025-01-15,,2025-03-19
OFF000650,APP013679,2025-10-12,82000,0,Accepted,2025-10-17,,2025-11-10
OFF000651,APP013701,2024-09-02,57000,8,Declined,2024-08-28,Accepted another offer,
OFF000652,APP013713,2024-09-26,72500,8,Accepted,2024-10-05,,2024-11-16
OFF000653,APP013717,2025-09-01,70000,0,Accepted,2025-09-08,,2025-11-12
OFF000654,APP013746,2025-06-06,94000,8,Accepted,2025-06-15,,2025-07-25
OFF000655,APP013827,2025-06-15,105500,12,Declined,2025-06-24,Location,
OFF000657,APP013866,2025-11-20,92500,12,Declined,2025-11-23,Compensation,
OFF000659,APP013913,2025-09-28,54000,12,Accepted,2025-10-05,,2025-12-04
OFF000660,APP013926,2025-01-31,60000,0,Accepted,2025-02-02,,2025-02-25
OFF000662,APP013943,2024-09-23,74000,12,Accepted,2024-09-25,,2024-10-21
OFF000664,APP013984,2025-10-06,48500,10,Accepted,2025-10-13,,2025-11-07
OFF000665,APP013985,2025-05-27,68000,5,Declined,2025-06-01,Accepted another offer,
OFF000666,APP014014,2025-04-15,96000,8,Accepted,2025-04-18,,2025-05-20
OFF000667,APP014116,2025-03-25,80500,10,Accepted,2025-03-31,,2025-05-06
OFF000668,APP014119,2025-03-22,66500,8,Declined,2025-03-29,Personal reasons,
OFF000669,APP014131,2025-01-12,54000,12,Accepted,2025-01-15,,2025-03-14
OFF000670,APP014138,2024-12-06,63500,12,Accepted,2024-12-11,,2025-01-15
OFF000672,APP014183,2024-10-18,58000,5,Accepted,2024-10-25,,2024-11-18
OFF000676,APP014241,2024-11-08,78000,12,Declined,2024-11-11,Role scope,
OFF000677,APP014263,2025-01-03,70000,12,Accepted,2025-01-05,,2025-02-11
OFF000678,APP014284,2025-01-23,47000,0,Accepted,2025-01-27,,2025-03-18
OFF000682,APP014451,2024-07-09,84000,10,Accepted,2024-07-15,,2024-09-18
OFF000683,APP014464,2025-02-16,83000,0,Accepted,2025-02-20,,2025-04-20
OFF000685,APP014475,2025-10-20,74000,8,Accepted,2025-10-22,,2025-12-11
OFF000686,APP014514,2026-02-06,78500,8,Accepted,2026-02-13,,2026-03-15
OFF000688,APP014575,2026-01-01,86000,12,Accepted,2026-01-10,,2026-03-08
OFF000690,APP014694,2024-03-20,48000,5,Accepted,2024-03-22,,2024-05-13
OFF000692,APP014745,2026-01-06,107500,5,Accepted,2026-01-13,,2026-03-02
OFF000694,APP014769,2025-03-01,63000,0,Accepted,2025-03-10,,2025-04-30
OFF000695,APP014782,2024-12-03,83000,8,Accepted,2024-12-12,,2025-02-13
OFF000697,APP014844,2024-04-25,86000,12,Accepted,2024-04-29,,2024-06-11
OFF000698,APP014855,2024-06-27,54000,8,Declined,2024-06-28,Accepted another offer,
OFF000699,APP014916,2024-04-13,90000,10,Accepted,2024-04-20,,2024-06-14
OFF000701,APP014940,2024-12-26,99000,10,Declined,2024-12-30,Location,
OFF000704,APP014978,2024-09-02,77500,8,Accepted,2024-09-08,,2024-10-19
OFF000705,APP014995,2025-11-29,65000,8,Accepted,2025-12-05,,2025-12-30
OFF000707,APP015094,2024-02-13,69500,0,Accepted,2024-02-20,,2024-04-06
OFF000708,APP015114,2024-12-06,91000,0,Accepted,2024-12-15,,2025-01-24
OFF000709,APP015144,2025-11-19,82000,0,Accepted,2025-11-27,,2025-12-28
OFF000713,APP015219,2025-05-31,88500,12,Accepted,2025-06-05,,2025-06-30
OFF000715,APP015279,2025-09-05,84000,0,Accepted,2025-09-12,,2025-11-08
OFF000717,APP015337,2024-11-19,96500,8,Accepted,2024-11-21,,2024-12-19
OFF000718,APP015362,2024-03-16,66000,10,Accepted,2024-03-19,,2024-04-20
OFF000719,APP015374,2024-12-30,71500,10,Accepted,2025-01-08,,2025-02-14
OFF000720,APP015389,2024-06-20,93000,12,Declined,2024-06-25,Compensation,
OFF000721,APP015391,2024-03-05,70500,0,Accepted,2024-03-07,,2024-04-14
OFF000722,APP015409,2024-12-27,69000,5,Accepted,2025-01-04,,2025-03-02
OFF000723,APP015417,2024-11-18,65000,8,Accepted,2024-11-23,,2024-12-17
OFF000724,APP015431,2024-11-05,83500,5,Accepted,2024-11-06,,2025-01-10
OFF000725,APP015465,2025-04-21,111500,10,Declined,2025-04-29,Compensation,
OFF000726,APP015468,2025-08-21,89000,5,Accepted,2025-08-18,,2025-10-13
OFF000728,APP015502,2025-08-17,55500,10,Accepted,2025-08-24,,2025-10-15
OFF000729,APP015518,2024-02-15,51000,12,Accepted,2024-02-18,,2024-03-19
OFF000731,APP015553,2025-11-05,64000,0,Accepted,2025-11-14,,2026-01-18
OFF000733,APP015577,2025-05-24,71500,0,Accepted,2025-05-26,,2025-07-28
OFF000734,APP015630,2025-11-18,88500,0,Accepted,2025-11-25,,2026-01-21
OFF000735,APP015639,2025-12-03,85000,10,Declined,2025-12-11,Compensation,
OFF000736,APP015664,2024-05-21,67000,0,Declined,2024-05-22,Accepted another offer,
OFF000737,APP015673,2024-08-09,68500,0,Accepted,2024-08-13,,2024-07-24
OFF000741,APP015793,2025-04-01,80000,8,Accepted,2025-04-07,,2025-05-10
OFF000742,APP015823,2025-03-15,79000,5,Declined,2025-03-19,Location,
OFF000746,APP015876,2025-11-27,84000,8,Declined,2025-12-04,Accepted another offer,
OFF000747,APP015881,2024-05-27,99000,5,Accepted,2024-06-02,,2024-07-20
OFF000751,APP015989,2024-09-18,74000,12,Accepted,2024-09-24,,2024-10-21
OFF000752,APP016000,2025-05-03,81000,0,Accepted,2025-05-06,,2025-05-30
OFF000753,APP016007,2024-12-16,79500,0,Accepted,2024-12-24,,2025-02-16
OFF000754,APP016025,2024-04-19,113500,12,Accepted,2024-04-20,,2024-06-05
OFF000755,APP016046,2025-10-07,51000,10,Accepted,2025-10-09,,2025-09-20
OFF000756,APP016112,2024-12-31,58000,8,Accepted,2025-01-08,,2025-03-02
OFF000759,APP016187,2025-01-08,77500,0,Declined,2025-01-17,Role scope,
OFF000760,APP016188,2024-12-10,76000,5,Declined,2024-12-17,Personal reasons,
OFF000762,APP016205,2024-10-26,62500,5,Accepted,2024-10-27,,2024-12-05
OFF000764,APP016231,2024-02-14,84500,12,Accepted,2024-02-15,,2024-03-20
OFF000766,APP016240,2025-08-06,48500,0,Accepted,2025-08-08,,2025-09-27
OFF000767,APP016259,2025-02-16,98000,5,Accepted,2025-02-22,,2025-04-11
OFF000769,APP016272,2024-05-20,70000,8,Accepted,2024-05-27,,2024-07-26
OFF000770,APP016289,2024-10-15,87500,12,Accepted,2024-10-16,,2024-11-08
OFF000772,APP016300,2025-02-13,71000,5,Accepted,2025-02-22,,2025-04-24
OFF000773,APP016306,2024-07-19,80000,12,Accepted,2024-07-27,,2024-09-16
OFF000774,APP016325,2025-09-27,77500,5,Accepted,2025-09-30,,2025-10-25
OFF000775,APP016328,2025-01-13,91500,0,Accepted,2025-01-21,,2025-02-16
OFF000777,APP016341,2024-07-31,66000,12,Accepted,2024-08-05,,2024-09-23
OFF000779,APP016392,2024-08-10,64000,5,Declined,2024-08-11,Personal reasons,
OFF000781,APP016446,2024-04-02,87000,10,Accepted,2024-04-04,,2024-05-24
OFF000784,APP016520,2024-11-24,78000,5,Accepted,2024-11-30,,2025-01-16
OFF000785,APP016540,2026-01-08,99500,8,Accepted,2026-01-17,,2026-02-24
OFF000786,APP016551,2025-04-12,57500,5,Accepted,2025-04-19,,2025-06-07
OFF000787,APP016592,2025-03-01,68000,0,Declined,2025-03-05,Compensation,
OFF000788,APP016623,2024-12-23,63000,10,Accepted,2024-12-24,,2025-02-19
OFF000789,APP016624,2024-09-17,98500,5,Accepted,2024-09-23,,2024-11-06
OFF000790,APP016635,2025-10-19,91000,10,Declined,2025-10-24,Compensation,
OFF000791,APP016706,2024-03-13,79000,0,Accepted,2024-03-22,,2024-05-23
OFF000792,APP016707,2025-03-07,98000,0,Accepted,2025-03-15,,2025-05-10
OFF000793,APP016716,2025-11-09,68000,0,Accepted,2025-11-15,,2026-01-17
OFF000795,APP016753,2025-03-19,63500,10,Accepted,2025-03-28,,2025-04-20
OFF000796,APP016757,2024-07-21,96000,10,Accepted,2024-07-29,,2024-08-27
OFF000797,APP016768,2025-09-16,72000,5,Accepted,2025-09-17,,2025-10-10
OFF000798,APP016769,2024-09-17,75500,10,Accepted,2024-09-20,,2024-10-25
OFF000800,APP016806,2025-12-09,86000,12,Accepted,2025-12-14,,2026-02-06
OFF000802,APP016927,2025-04-18,69000,0,Accepted,2025-04-24,,2025-06-25
OFF000803,APP016960,2025-08-12,113000,12,Declined,2025-08-17,Compensation,
OFF000804,APP017050,2025-02-11,87000,12,Accepted,2025-02-19,,2025-04-17
OFF000805,APP017087,2025-04-23,69500,10,Accepted,2025-04-28,,2025-06-17
OFF000806,APP017111,2024-12-25,76500,8,Accepted,2024-12-31,,2025-02-13
OFF000808,APP017139,2024-05-22,62000,12,Declined,2024-05-25,Compensation,
OFF000809,APP017187,2025-12-07,79500,12,Accepted,2025-12-14,,2026-01-17
OFF000810,APP017225,2024-02-18,57000,0,Accepted,2024-02-26,,2024-04-28
OFF000811,APP017229,2024-04-29,92500,0,Accepted,2024-05-05,,2024-06-25
OFF000813,APP017257,2024-11-26,85500,12,Accepted,2024-12-01,,2025-01-15
OFF000815,APP017298,2025-09-15,77000,12,Accepted,2025-09-21,,2025-11-09
OFF000817,APP017323,2024-03-29,74000,12,Accepted,2024-04-06,,2024-05-04
OFF000818,APP017392,2025-02-22,70000,8,Declined,2025-03-01,Compensation,
OFF000819,APP017405,2025-01-03,64000,5,Declined,2025-01-05,Accepted another offer,
OFF000820,APP017495,2024-10-30,78000,12,Accepted,2024-10-31,,2024-12-07
OFF000821,APP017524,2025-02-19,106000,8,Accepted,2025-02-27,,2025-04-10
OFF000822,APP017537,2025-01-24,115000,0,Declined,2025-01-29,Compensation,
OFF000823,APP017541,2024-11-22,73000,8,Accepted,2024-11-24,,2025-01-05
OFF000824,APP017559,2025-06-10,87500,10,Accepted,2025-06-13,,2025-08-08
OFF000825,APP017574,2025-04-12,111500,0,Accepted,2025-04-14,,2025-05-08
OFF000826,APP017618,2024-08-24,59000,12,Accepted,2024-08-31,,2024-11-04
OFF000827,APP017623,2025-03-04,91500,8,Accepted,2025-03-09,,2025-04-04
OFF000828,APP017643,2025-05-23,90000,0,Accepted,2025-06-01,,2025-07-17
OFF000829,APP017648,2024-07-14,46500,8,Accepted,2024-07-21,,2024-09-01
OFF000831,APP017656,2024-09-24,105000,10,Declined,2024-10-03,Compensation,
OFF000832,APP017667,2024-04-21,56000,12,Accepted,2024-04-27,,2024-06-23
OFF000833,APP017721,2025-07-21,54000,12,Accepted,2025-07-23,,2025-09-17
OFF000835,APP017739,2025-11-29,108000,12,Accepted,2025-12-08,,2026-01-03
OFF000836,APP017747,2025-10-18,79500,10,Accepted,2025-10-09,,2025-11-15
OFF000837,APP017750,2024-08-10,65500,0,Accepted,2024-08-15,,2024-09-19
OFF000840,APP017855,2025-08-10,86000,0,Declined,2025-08-19,Personal reasons,
OFF000841,APP017858,2024-09-08,84000,5,Declined,2024-09-14,Personal reasons,
OFF000844,APP017874,2025-07-03,68000,10,Accepted,2025-07-04,,2025-09-02
OFF000847,APP017966,2025-08-22,99000,10,Accepted,2025-08-27,,2025-10-02
OFF000848,APP017967,2025-03-31,59000,10,Accepted,2025-04-04,,2025-06-03
OFF000849,APP018019,2024-09-04,83000,5,Accepted,2024-09-11,,2024-11-02
OFF000850,APP018044,2025-11-27,85000,8,Accepted,2025-12-05,,2025-12-29
OFF000851,APP018049,2024-12-29,68000,0,Accepted,2024-12-31,,2025-02-17
OFF000852,APP018055,2025-09-08,82500,12,Declined,2025-09-13,Personal reasons,
OFF000853,APP018115,2025-09-23,100000,0,Accepted,2025-09-27,,2025-10-25
OFF000854,APP018116,2024-05-21,67000,5,Accepted,2024-05-23,,2024-07-25
OFF000855,APP018154,2025-09-18,61500,5,Accepted,2025-09-23,,2025-11-19
OFF000856,APP018192,2024-07-09,71500,12,Accepted,2024-07-12,,2024-08-15
OFF000857,APP018194,2024-09-19,60500,12,Declined,2024-09-24,Accepted another offer,
OFF000858,APP018243,2025-09-02,56000,12,Accepted,2025-09-09,,2025-10-10
OFF000861,APP018336,2024-09-06,53000,8,Accepted,2024-09-13,,2024-11-12
OFF000862,APP018337,2024-02-26,86500,5,Accepted,2024-02-29,,2024-04-06
OFF000863,APP018396,2025-04-02,73500,12,Accepted,2025-04-09,,2025-05-08
OFF000865,APP018458,2024-08-02,63000,0,Accepted,2024-08-10,,2024-10-14
OFF000866,APP018503,2024-11-04,58000,12,Accepted,2024-11-10,,2024-12-30
OFF000868,APP018546,2025-10-08,75000,8,Declined,2025-10-14,Compensation,
OFF000869,APP018557,2024-04-01,83000,12,Accepted,2024-04-06,,2024-05-25
OFF000871,APP018615,2025-02-21,87000,8,Accepted,2025-02-24,,2025-04-01
OFF000872,APP018627,2025-01-29,53000,0,Accepted,2025-02-02,,2025-03-09
OFF000873,APP018674,2025-09-12,80000,8,Declined,2025-09-20,Role scope,
OFF000874,APP018702,2025-02-18,65500,5,Declined,2025-02-21,Compensation,
OFF000875,APP018704,2025-06-16,50000,10,Accepted,2025-06-22,,2025-07-17
OFF000876,APP018733,2025-04-22,78000,8,Accepted,2025-04-30,,2025-07-02
OFF000877,APP018749,2025-07-16,74000,12,Declined,2025-07-24,Compensation,
OFF000878,APP018753,2025-09-06,62000,8,Accepted,2025-09-09,,2025-10-20
OFF000879,APP018768,2025-01-05,75500,12,Accepted,2025-01-13,,2025-03-15
OFF000880,APP018769,2025-06-02,74500,0,Accepted,2025-06-06,,2025-07-21
OFF000881,APP018784,2024-10-12,58500,10,Accepted,2024-10-09,,2024-12-14
OFF000882,APP018800,2024-12-20,56000,5,Accepted,2024-12-25,,2025-02-17
OFF000884,APP018835,2025-05-18,74500,8,Accepted,2025-05-25,,2025-06-19
OFF000885,APP018861,2024-10-16,57500,5,Accepted,2024-10-25,,2024-12-29
OFF000886,APP018918,2024-05-16,70000,12,Accepted,2024-05-24,,2024-07-27
OFF000889,APP018938,2024-04-05,59500,12,Accepted,2024-04-07,,2024-04-29
OFF000890,APP018947,2025-06-30,95000,5,Declined,2025-07-01,Compensation,
OFF000892,APP018961,2025-09-13,82000,0,Accepted,2025-09-17,,2025-10-31
OFF000893,APP018993,2025-02-24,75000,0,Accepted,2025-03-04,,2025-05-04
OFF000894,APP018999,2024-05-22,87000,5,Accepted,2024-05-24,,2024-07-10
OFF000895,APP019023,2024-08-21,51000,10,Accepted,2024-08-22,,2024-09-18
OFF000896,APP019027,2025-04-02,96000,12,Declined,2025-04-05,Compensation,
OFF000897,APP019082,2025-08-04,61000,10,Accepted,2025-08-08,,2025-09-12
OFF000898,APP019093,2025-06-08,66000,8,Accepted,2025-06-13,,2025-07-06
OFF000899,APP019105,2025-08-06,78000,12,Accepted,2025-08-14,,2025-10-02
OFF000900,APP019127,2025-03-17,70000,0,Declined,2025-03-25,Location,
OFF000901,APP019155,2025-06-07,49000,8,Declined,2025-06-12,Location,
OFF000902,APP019163,2025-08-27,49500,0,Accepted,2025-09-05,,2025-10-23
OFF000903,APP019188,2025-11-09,57000,0,Declined,2025-11-13,Personal reasons,
OFF000905,APP019220,2025-03-26,82000,10,Accepted,2025-04-04,,2025-04-25
OFF000906,APP019226,2024-04-18,77500,0,Accepted,2024-04-20,,2024-05-22
OFF000907,APP019233,2024-12-31,90000,8,Accepted,2025-01-02,,2025-02-21
OFF000908,APP019262,2024-02-28,104500,12,Accepted,2024-03-07,,2024-04-26
OFF000909,APP019294,2024-05-10,99000,10,Accepted,2024-05-19,,2024-06-27
OFF000910,APP019298,2024-12-03,76000,12,Accepted,2024-12-06,,2025-02-06
OFF000911,APP019331,2025-11-18,69000,5,Accepted,2025-11-21,,2026-01-02
OFF000913,APP019403,2024-07-01,97000,12,Accepted,2024-07-08,,2024-08-22
OFF000915,APP019428,2024-11-14,81000,8,Accepted,2024-11-21,,2025-01-24
OFF000918,APP019522,2025-07-21,92500,8,Accepted,2025-07-14,,2025-09-16
OFF000920,APP019586,2025-04-13,90000,0,Declined,2025-04-19,Role scope,
OFF000922,APP019615,2024-12-24,65500,8,Accepted,2024-12-28,,2025-02-16
OFF000923,APP019671,2024-09-12,86000,0,Accepted,2024-09-19,,2024-10-13
OFF000924,APP019748,2025-05-16,90000,0,Declined,2025-05-25,Location,
OFF000925,APP019757,2024-11-25,76500,12,Accepted,2024-11-26,,2024-12-25
OFF000926,APP019788,2025-08-05,63000,0,Accepted,2025-08-10,,2025-09-06
OFF000929,APP019863,2025-01-02,78000,10,Accepted,2025-01-10,,2025-02-28
OFF000930,APP019869,2024-08-03,86000,10,Declined,2024-08-05,Accepted another offer,
OFF000932,APP019913,2025-02-20,69500,12,Accepted,2025-02-14,,2025-04-11
